{"total_count": 1, "incomplete_results": false, "items": [{"name": "requirements.txt", "path": "requirements.txt", "sha": "d2dc78ec9a318194cd178e39ec120f83181a7d2a", "url": "https://api.github.com/repositories/110832062/contents/requirements.txt?ref=6c02b6340e6a1d5b1b86038837e7097e2eeb8a79", "git_url": "https://api.github.com/repositories/110832062/git/blobs/d2dc78ec9a318194cd178e39ec120f83181a7d2a", "html_url": "https://github.com/devicehive/devicehive-video-analysis/blob/6c02b6340e6a1d5b1b86038837e7097e2eeb8a79/requirements.txt", "repository": {"id": 110832062, "node_id": "MDEwOlJlcG9zaXRvcnkxMTA4MzIwNjI=", "name": "devicehive-video-analysis", "full_name": "devicehive/devicehive-video-analysis", "owner": {"login": "devicehive", "id": 2528286, "node_id": "MDEyOk9yZ2FuaXphdGlvbjI1MjgyODY=", "avatar_url": "https://avatars1.githubusercontent.com/u/2528286?v=4", "gravatar_id": "", "url": "https://api.github.com/users/devicehive", "html_url": "https://github.com/devicehive", "followers_url": "https://api.github.com/users/devicehive/followers", "following_url": "https://api.github.com/users/devicehive/following{/other_user}", "gists_url": "https://api.github.com/users/devicehive/gists{/gist_id}", "starred_url": "https://api.github.com/users/devicehive/starred{/owner}{/repo}", "subscriptions_url": "https://api.github.com/users/devicehive/subscriptions", "organizations_url": "https://api.github.com/users/devicehive/orgs", "repos_url": "https://api.github.com/users/devicehive/repos", "events_url": "https://api.github.com/users/devicehive/events{/privacy}", "received_events_url": "https://api.github.com/users/devicehive/received_events", "type": "Organization", "site_admin": false}, "private": false, "html_url": "https://github.com/devicehive/devicehive-video-analysis", "description": null, "fork": false, "url": "https://api.github.com/repos/devicehive/devicehive-video-analysis", "forks_url": "https://api.github.com/repos/devicehive/devicehive-video-analysis/forks", "keys_url": "https://api.github.com/repos/devicehive/devicehive-video-analysis/keys{/key_id}", "collaborators_url": "https://api.github.com/repos/devicehive/devicehive-video-analysis/collaborators{/collaborator}", "teams_url": "https://api.github.com/repos/devicehive/devicehive-video-analysis/teams", "hooks_url": "https://api.github.com/repos/devicehive/devicehive-video-analysis/hooks", "issue_events_url": "https://api.github.com/repos/devicehive/devicehive-video-analysis/issues/events{/number}", "events_url": "https://api.github.com/repos/devicehive/devicehive-video-analysis/events", "assignees_url": "https://api.github.com/repos/devicehive/devicehive-video-analysis/assignees{/user}", "branches_url": "https://api.github.com/repos/devicehive/devicehive-video-analysis/branches{/branch}", "tags_url": "https://api.github.com/repos/devicehive/devicehive-video-analysis/tags", "blobs_url": "https://api.github.com/repos/devicehive/devicehive-video-analysis/git/blobs{/sha}", "git_tags_url": "https://api.github.com/repos/devicehive/devicehive-video-analysis/git/tags{/sha}", "git_refs_url": "https://api.github.com/repos/devicehive/devicehive-video-analysis/git/refs{/sha}", "trees_url": "https://api.github.com/repos/devicehive/devicehive-video-analysis/git/trees{/sha}", "statuses_url": "https://api.github.com/repos/devicehive/devicehive-video-analysis/statuses/{sha}", "languages_url": "https://api.github.com/repos/devicehive/devicehive-video-analysis/languages", "stargazers_url": "https://api.github.com/repos/devicehive/devicehive-video-analysis/stargazers", "contributors_url": "https://api.github.com/repos/devicehive/devicehive-video-analysis/contributors", "subscribers_url": "https://api.github.com/repos/devicehive/devicehive-video-analysis/subscribers", "subscription_url": "https://api.github.com/repos/devicehive/devicehive-video-analysis/subscription", "commits_url": "https://api.github.com/repos/devicehive/devicehive-video-analysis/commits{/sha}", "git_commits_url": "https://api.github.com/repos/devicehive/devicehive-video-analysis/git/commits{/sha}", "comments_url": "https://api.github.com/repos/devicehive/devicehive-video-analysis/comments{/number}", "issue_comment_url": "https://api.github.com/repos/devicehive/devicehive-video-analysis/issues/comments{/number}", "contents_url": "https://api.github.com/repos/devicehive/devicehive-video-analysis/contents/{+path}", "compare_url": "https://api.github.com/repos/devicehive/devicehive-video-analysis/compare/{base}...{head}", "merges_url": "https://api.github.com/repos/devicehive/devicehive-video-analysis/merges", "archive_url": "https://api.github.com/repos/devicehive/devicehive-video-analysis/{archive_format}{/ref}", "downloads_url": "https://api.github.com/repos/devicehive/devicehive-video-analysis/downloads", "issues_url": "https://api.github.com/repos/devicehive/devicehive-video-analysis/issues{/number}", "pulls_url": "https://api.github.com/repos/devicehive/devicehive-video-analysis/pulls{/number}", "milestones_url": "https://api.github.com/repos/devicehive/devicehive-video-analysis/milestones{/number}", "notifications_url": "https://api.github.com/repos/devicehive/devicehive-video-analysis/notifications{?since,all,participating}", "labels_url": "https://api.github.com/repos/devicehive/devicehive-video-analysis/labels{/name}", "releases_url": "https://api.github.com/repos/devicehive/devicehive-video-analysis/releases{/id}", "deployments_url": "https://api.github.com/repos/devicehive/devicehive-video-analysis/deployments"}, "score": 21.00263, "content": {"sha": "d2dc78ec9a318194cd178e39ec120f83181a7d2a", "node_id": "MDQ6QmxvYjExMDgzMjA2MjpkMmRjNzhlYzlhMzE4MTk0Y2QxNzhlMzllYzEyMGY4MzE4MWE3ZDJh", "size": 145, "url": "https://api.github.com/repos/devicehive/devicehive-video-analysis/git/blobs/d2dc78ec9a318194cd178e39ec120f83181a7d2a", "content": "dGVuc29yZmxvdz09MS40LjAKb3BlbmN2LWNvbnRyaWItcHl0aG9uPT0zLjQu\nMC4xMgpkZXZpY2VoaXZlPT0yLjEuMwpkZXZpY2VoaXZlLXdlYmNvbmZpZz09\nMS4wLjIKc2l4PT0xLjExLjAKcGFmeT09MC41LjMuMQp5b3V0dWJlLWRsPT0y\nMDE3LjExLjE1Cg==\n", "encoding": "base64"}}]}